algorithm	delay	prediction	x	y	label
linear	threshold	lower left	-0.7398813029925025	0.7637812638282775	lower left
linear	peak	center	0.3826687369346619	0.2525562456448873	lower left
linear	cross-correlation	center left	0.3621124862035116	0.2713249963124593	lower left
diagonal	threshold	upper left	-0.9157379359485989	-0.4943413342983089	lower left
diagonal	peak	lower left	0.3393111627625231	0.6487925581583182	lower left
diagonal	cross-correlation	lower left	0.31333084702487246	0.5768470684232856	lower left
diwl	threshold	upper left	0.0	0.0	lower left
diwl	peak	lower left	0.3098711708963384	0.6130948180163083	lower left
diwl	cross-correlation	lower left	0.2996107777544573	0.5632161143754718	lower left
